id,product_id,image_url,created_at
9fe921c9-e382-4e5e-9080-3f8de745745e,48c6fc2c-6ccd-4d71-a909-112f1bae8e66,https://images.unsplash.com/photo-1591047139829-d91aecb6caea?q=80&w=900,2026-06-30T15:15:52.872Z
96699253-37d0-4222-ab3c-88541ece75ba,48c6fc2c-6ccd-4d71-a909-112f1bae8e66,https://images.unsplash.com/photo-1539571696357-5a69c17a67c6?q=80&w=900,2026-06-30T15:15:52.872Z
e5386aaa-6478-4aad-ad77-d673a6fc9e23,c3ea9ca6-2d59-4b36-b344-186a9d60f7bc,https://images.unsplash.com/photo-1594938298603-c8148c4dae35?q=80&w=900,2026-06-30T15:15:52.872Z
d9fe18a1-3a41-498c-8c04-052a29dcdedb,c3ea9ca6-2d59-4b36-b344-186a9d60f7bc,https://images.unsplash.com/photo-1602810318383-e386cc2a3ccf?q=80&w=900,2026-06-30T15:15:52.872Z
6cb98802-6b89-4a05-a69b-e71ea55cf04a,52f8d2b0-ce95-444a-ba77-3093738d33e6,https://images.unsplash.com/photo-1614975058789-41316d0e2e9c?q=80&w=900,2026-06-30T15:15:52.872Z
d7829001-d950-419a-a974-d1fd3ec5c776,52f8d2b0-ce95-444a-ba77-3093738d33e6,https://images.unsplash.com/photo-1620799140408-edc6dcb6d633?q=80&w=900,2026-06-30T15:15:52.872Z
402fa67f-a24d-4cf1-916b-23e217d88791,868859cf-237a-4923-89a4-10bdcfd8569a,https://images.unsplash.com/photo-1624378439575-d8705ad7ae80?q=80&w=900,2026-06-30T15:15:52.872Z
c6dc3551-fb91-4e23-8c98-fefe916d4930,868859cf-237a-4923-89a4-10bdcfd8569a,https://images.unsplash.com/photo-1509631179647-0177331693ae?q=80&w=900,2026-06-30T15:15:52.872Z
480927af-1955-47ab-bdaf-3b768d236a21,39e33e14-e9e1-4dbb-b836-ea709d520013,https://images.unsplash.com/photo-1603252109303-2751441dd157?q=80&w=900,2026-06-30T15:15:52.872Z
139219a2-1cd8-4a88-bffd-50bb188eff1e,39e33e14-e9e1-4dbb-b836-ea709d520013,https://images.unsplash.com/photo-1596755094514-f87e34085b2c?q=80&w=900,2026-06-30T15:15:52.872Z
ef0591f6-a0d8-42fe-b194-6c76561147cb,c68e55d5-fbda-482d-8cf3-25cfa45f6a90,https://images.unsplash.com/photo-1617137968427-85924c800a22?q=80&w=900,2026-06-30T15:15:52.872Z
ad90478c-4d3d-4ba3-bc82-309a6857c9fd,c68e55d5-fbda-482d-8cf3-25cfa45f6a90,https://images.unsplash.com/photo-1507679799987-c73779587ccf?q=80&w=900,2026-06-30T15:15:52.872Z
7cc48bab-1552-4716-a483-78109d567952,e55f9b31-952b-44be-bf00-58cc2fcf6bf8,https://images.unsplash.com/photo-1515886657613-9f3515b0c78f?q=80&w=900,2026-06-30T15:15:52.872Z
33c14b05-ae52-4c10-a3d8-208f904d5526,e55f9b31-952b-44be-bf00-58cc2fcf6bf8,https://images.unsplash.com/photo-1434389677669-e08b4cac3105?q=80&w=900,2026-06-30T15:15:52.872Z
5ce04254-33d3-4770-a414-77b15b009809,a543df41-0309-416c-beff-307f8057bed8,https://images.unsplash.com/photo-1608256246200-53e635b5b65f?q=80&w=900,2026-06-30T15:15:52.872Z
aaecbcc7-1987-4133-b54c-4f5679b19375,a543df41-0309-416c-beff-307f8057bed8,https://images.unsplash.com/photo-1520639888713-7851133b1ed0?q=80&w=900,2026-06-30T15:15:52.872Z
41516d86-444f-44f7-961d-a978d3b0ba4e,ce866812-4073-4b30-9612-db64f0564407,https://images.unsplash.com/photo-1505740420928-5e560c06d30e?q=80&w=900,2026-06-30T15:15:52.872Z
45733ed8-d768-4529-b289-9f9ea75dc84f,ce866812-4073-4b30-9612-db64f0564407,https://images.unsplash.com/photo-1546435770-a3e426bf472b?q=80&w=900,2026-06-30T15:15:52.872Z
52f6e2df-5b2d-4305-9105-64f62fad094e,063f3fd9-ac60-4066-87f5-942a8fb02b47,https://images.unsplash.com/photo-1558089687-f282ffcbc126?q=80&w=900,2026-06-30T15:15:52.872Z
1e6cf7b5-6d30-4115-96bf-4fd5ccc56d91,063f3fd9-ac60-4066-87f5-942a8fb02b47,https://images.unsplash.com/photo-1558002038-1055907df827?q=80&w=900,2026-06-30T15:15:52.872Z
d7cdf341-2bc4-4aa5-81d4-b02e98bbb353,04995d50-8adc-4f1b-bb39-7d8e534fd6a8,https://images.unsplash.com/photo-1496181133206-80ce9b88a853?q=80&w=900,2026-06-30T15:15:52.872Z
ddcbfd5b-4d6a-441b-b0ca-c1a03f0d63d4,04995d50-8adc-4f1b-bb39-7d8e534fd6a8,https://images.unsplash.com/photo-1517336714731-489689fd1ca8?q=80&w=900,2026-06-30T15:15:52.872Z
903ded71-8668-4ad0-8b74-1c36b90a4d57,0802b3aa-7ef1-4bf8-8b86-bfca23d896df,https://images.unsplash.com/photo-1527443224154-c4a3942d3acf?q=80&w=900,2026-06-30T15:15:52.872Z
badbfb1b-f4b3-47b4-bbf4-b2dbb9778c14,0802b3aa-7ef1-4bf8-8b86-bfca23d896df,https://images.unsplash.com/photo-1547082299-de196ea013d6?q=80&w=900,2026-06-30T15:15:52.872Z
01a7bf88-aa55-4a7c-ba21-34582db1812f,8db42cbd-fa64-4d3a-ab52-ca736e656e8e,https://images.unsplash.com/photo-1511707171634-5f897ff02aa9?q=80&w=900,2026-06-30T15:15:52.872Z
1d82d4bb-ae46-4496-96c5-573610567440,8db42cbd-fa64-4d3a-ab52-ca736e656e8e,https://images.unsplash.com/photo-1598327105666-5b89351aff97?q=80&w=900,2026-06-30T15:15:52.872Z
caff7eda-04e8-4c80-ab26-facfba63e22c,80a4a5ac-f1ef-4e65-930f-413b6c7f4247,https://images.unsplash.com/photo-1583863788434-e58a36330cf0?q=80&w=900,2026-06-30T15:15:52.872Z
db6551a0-c29e-4f96-aaf9-73c79056ddab,80a4a5ac-f1ef-4e65-930f-413b6c7f4247,https://images.unsplash.com/photo-1619489646924-b4fce76b1db5?q=80&w=900,2026-06-30T15:15:52.872Z
f6f77029-b079-4607-86db-fcbe141cc503,5a4c555d-8d36-4bac-bfba-de96010eb008,https://images.unsplash.com/photo-1600080972464-8e5f35f63d08?q=80&w=900,2026-06-30T15:15:52.872Z
67a85b44-48f4-4fd7-abd2-311439d06843,5a4c555d-8d36-4bac-bfba-de96010eb008,https://images.unsplash.com/photo-1612287230202-1ff1d85d1bdf?q=80&w=900,2026-06-30T15:15:52.872Z
31bbfbab-2f78-417c-90bb-95c1351359ea,afe235fe-6ce6-4461-962f-197d42325e1b,https://images.unsplash.com/photo-1556911220-e15b29be8c8f?q=80&w=900,2026-06-30T15:15:52.872Z
78c02557-4912-44dc-a729-bf50dba50fe0,afe235fe-6ce6-4461-962f-197d42325e1b,https://images.unsplash.com/photo-1584990347449-a50f2ec18c54?q=80&w=900,2026-06-30T15:15:52.872Z
294040db-50b5-4649-91f9-77d428836a7f,f5b9ec45-1e40-4c39-a5fd-c825636b0775,https://images.unsplash.com/photo-1620916566398-39f1143ab7be?q=80&w=900,2026-06-30T15:15:52.872Z
3986011a-5aff-4b47-9e9e-ebd6d0bdd980,f5b9ec45-1e40-4c39-a5fd-c825636b0775,https://images.unsplash.com/photo-1598440947619-2c35fc9aa908?q=80&w=900,2026-06-30T15:15:52.872Z
c9b58a7c-040e-4cc4-a24f-c1cb77dc3e2f,a7a702bf-37d4-4654-b26f-be0c87d2e397,https://images.unsplash.com/photo-1544947950-fa07a98d237f?q=80&w=900,2026-06-30T15:15:52.872Z
ebba9e86-f143-42ab-ad29-4fd01ae029f1,a7a702bf-37d4-4654-b26f-be0c87d2e397,https://images.unsplash.com/photo-1512820790803-83ca734da794?q=80&w=900,2026-06-30T15:15:52.872Z
88e35cb7-e9fc-41c7-a6a2-92c13016cec2,57e1e024-6e3d-445f-8c09-6c23a84919c4,https://images.unsplash.com/photo-1542838132-92c53300491e?q=80&w=900,2026-06-30T15:15:52.872Z
5397cc9d-3df9-47ca-8a3c-0948664b60a9,57e1e024-6e3d-445f-8c09-6c23a84919c4,https://images.unsplash.com/photo-1606787366850-de6330128bfc?q=80&w=900,2026-06-30T15:15:52.872Z
c3089298-e70a-4267-9083-ce8ccb72cc5f,f090dd3d-03ff-499d-9620-6b4d403c42cd,https://images.unsplash.com/photo-1581009137042-c552e485697a?q=80&w=900,2026-06-30T15:15:52.872Z
fe24ecd8-77b9-4350-ba8a-48204b098945,f090dd3d-03ff-499d-9620-6b4d403c42cd,https://images.unsplash.com/photo-1599058917212-d750089bc07e?q=80&w=900,2026-06-30T15:15:52.872Z
3db19430-fb53-4947-a832-d73ae99e26a5,a7310c26-0544-404e-b181-e556a7f62cc9,https://images.unsplash.com/photo-1617802690992-15d93263d3a9?q=80&w=900,2026-06-30T15:15:52.872Z
34af1707-42eb-4b48-b1cd-f4baacb484e4,a7310c26-0544-404e-b181-e556a7f62cc9,https://images.unsplash.com/photo-1485291571150-772bcfc10da5?q=80&w=900,2026-06-30T15:15:52.872Z
dbd46628-07be-4bd3-9b5f-ecd30f7c65b4,c0ec8aa3-8a9e-40b2-8794-a21485823e7d,https://images.unsplash.com/photo-1601758064224-f4b2b9d21f44?q=80&w=900,2026-06-30T15:15:52.872Z
fc690659-551f-4956-98f4-5dd5fcc0149b,c0ec8aa3-8a9e-40b2-8794-a21485823e7d,https://images.unsplash.com/photo-1537151608828-ea2b11777ee8?q=80&w=900,2026-06-30T15:15:52.872Z
ad8a0d1b-3914-4620-bc10-4bc7438f4534,47c8aae0-40ad-4d58-8583-707cac93dff1,https://images.unsplash.com/photo-1558060370-d644479cb6f7?q=80&w=900,2026-06-30T15:15:52.872Z
6e442355-89b0-4318-a479-39b17783c8ec,47c8aae0-40ad-4d58-8583-707cac93dff1,https://images.unsplash.com/photo-1563396983906-b3795482a59a?q=80&w=900,2026-06-30T15:15:52.872Z
e3614cb9-0de8-4015-850e-8a8bcc29119b,99a69767-bfee-4d68-ba27-7d445c0d507b,https://images.unsplash.com/photo-1555041469-a586c61ea9bc?q=80&w=900,2026-06-30T15:15:52.872Z
4ba41c2b-bb55-4bce-8299-4e8221585240,99a69767-bfee-4d68-ba27-7d445c0d507b,https://images.unsplash.com/photo-1616486338812-3dadae4b4ace?q=80&w=900,2026-06-30T15:15:52.872Z
28cc17cb-52d1-4061-8739-47e70f860890,748589e4-eae7-472e-89e2-2b56e4b3b44b,https://images.unsplash.com/photo-1547949003-9792a18a2601?q=80&w=900,2026-06-30T15:15:52.872Z
e9811f3f-b961-425e-931f-7c9b9a5efb27,748589e4-eae7-472e-89e2-2b56e4b3b44b,https://images.unsplash.com/photo-1590874103328-eac38a683ce7?q=80&w=900,2026-06-30T15:15:52.872Z
72ae62a7-09d9-445b-8b20-add054fc714f,1bf3a33c-b0f3-4861-b129-eb3a9f62dcac,https://images.unsplash.com/photo-1523170335258-f5ed11844a49?q=80&w=900,2026-06-30T15:15:52.872Z
f6db49e8-1a07-41d9-8cf0-93c882f1ea73,1bf3a33c-b0f3-4861-b129-eb3a9f62dcac,https://images.unsplash.com/photo-1524805444758-089113d48a6d?q=80&w=900,2026-06-30T15:15:52.872Z
